"LibraryName", "LibraryPath", "LibraryPathGeneric", "ExecutableName", "ExecutablePath", "ExecutablePathGeneric", "Type"
"mimetools.dll","C:\Program Files\Notepad++\plugins\mimetools.dll","%PROGRAMFILES%\Notepad++\plugins\mimetools.dll","notepad++.exe","C:\Program Files\Notepad++\notepad++.exe","%PROGRAMFILES%\Notepad++\notepad++.exe","Sideloading"
"mimetools.dll","C:\Program Files\Notepad++\plugins\mimetools\mimetools.dll","%PROGRAMFILES%\Notepad++\plugins\mimetools\mimetools.dll","notepad++.exe","C:\Program Files\Notepad++\notepad++.exe","%PROGRAMFILES%\Notepad++\notepad++.exe","Sideloading"
"qt5network.dll","C:\Program Files\LSoft Technologies\Active@ Data Studio\qt5network.dll","%PROGRAMFILES%\LSoft Technologies\Active@ Data Studio\qt5network.dll","PasswordChanger.exe","C:\Program Files\LSoft Technologies\Active@ Password Changer\PasswordChanger.exe","%PROGRAMFILES%\LSoft Technologies\Active@ Password Changer\PasswordChanger.exe","Sideloading"
"qt5network.dll","C:\Program Files\LSoft Technologies\Active@ File Recovery\qt5network.dll","%PROGRAMFILES%\LSoft Technologies\Active@ File Recovery\qt5network.dll","PasswordChanger.exe","C:\Program Files\LSoft Technologies\Active@ Password Changer\PasswordChanger.exe","%PROGRAMFILES%\LSoft Technologies\Active@ Password Changer\PasswordChanger.exe","Sideloading"
"qt5network.dll","C:\Program Files\LSoft Technologies\Active@ Disk Editor\qt5network.dll","%PROGRAMFILES%\LSoft Technologies\Active@ Disk Editor\qt5network.dll","PasswordChanger.exe","C:\Program Files\LSoft Technologies\Active@ Password Changer\PasswordChanger.exe","%PROGRAMFILES%\LSoft Technologies\Active@ Password Changer\PasswordChanger.exe","Sideloading"
"qt5network.dll","C:\Program Files\LSoft Technologies\Active@ Password Changer\qt5network.dll","%PROGRAMFILES%\LSoft Technologies\Active@ Password Changer\qt5network.dll","PasswordChanger.exe","C:\Program Files\LSoft Technologies\Active@ Password Changer\PasswordChanger.exe","%PROGRAMFILES%\LSoft Technologies\Active@ Password Changer\PasswordChanger.exe","Sideloading"
"qt5network.dll","C:\Program Files\LSoft Technologies\Active@ ISO Manager\qt5network.dll","%PROGRAMFILES%\LSoft Technologies\Active@ ISO Manager\qt5network.dll","PasswordChanger.exe","C:\Program Files\LSoft Technologies\Active@ Password Changer\PasswordChanger.exe","%PROGRAMFILES%\LSoft Technologies\Active@ Password Changer\PasswordChanger.exe","Sideloading"
"qt5network.dll","C:\Program Files\LSoft Technologies\Active@ UNERASER\qt5network.dll","%PROGRAMFILES%\LSoft Technologies\Active@ UNERASER\qt5network.dll","PasswordChanger.exe","C:\Program Files\LSoft Technologies\Active@ Password Changer\PasswordChanger.exe","%PROGRAMFILES%\LSoft Technologies\Active@ Password Changer\PasswordChanger.exe","Sideloading"
"qt5network.dll","C:\Program Files\LSoft Technologies\Active@ KillDisk 25\qt5network.dll","%PROGRAMFILES%\LSoft Technologies\Active@ KillDisk 25\qt5network.dll","PasswordChanger.exe","C:\Program Files\LSoft Technologies\Active@ Password Changer\PasswordChanger.exe","%PROGRAMFILES%\LSoft Technologies\Active@ Password Changer\PasswordChanger.exe","Sideloading"
"qt5network.dll","C:\Program Files\LSoft Technologies\Active@ UNDELETE\qt5network.dll","%PROGRAMFILES%\LSoft Technologies\Active@ UNDELETE\qt5network.dll","PasswordChanger.exe","C:\Program Files\LSoft Technologies\Active@ Password Changer\PasswordChanger.exe","%PROGRAMFILES%\LSoft Technologies\Active@ Password Changer\PasswordChanger.exe","Sideloading"
"qt5network.dll","C:\Program Files\LSoft Technologies\Active@ Disk Monitor\qt5network.dll","%PROGRAMFILES%\LSoft Technologies\Active@ Disk Monitor\qt5network.dll","PasswordChanger.exe","C:\Program Files\LSoft Technologies\Active@ Password Changer\PasswordChanger.exe","%PROGRAMFILES%\LSoft Technologies\Active@ Password Changer\PasswordChanger.exe","Sideloading"
"qt5network.dll","C:\Program Files\LSoft Technologies\Active@ Partition Manager\qt5network.dll","%PROGRAMFILES%\LSoft Technologies\Active@ Partition Manager\qt5network.dll","PasswordChanger.exe","C:\Program Files\LSoft Technologies\Active@ Password Changer\PasswordChanger.exe","%PROGRAMFILES%\LSoft Technologies\Active@ Password Changer\PasswordChanger.exe","Sideloading"
"qt5core.dll","C:\Program Files\Electronic Arts\EA Desktop\EA Desktop\qt5core.dll","%PROGRAMFILES%\Electronic Arts\EA Desktop\EA Desktop\qt5core.dll","EASteamProxy.exe","C:\Program Files\Electronic Arts\EA Desktop\EA Desktop\EASteamProxy.exe","%PROGRAMFILES%\Electronic Arts\EA Desktop\EA Desktop\EASteamProxy.exe","Sideloading"
"qt5core.dll","C:\Program Files\Microsoft Onedrive\%VERSION%\qt5core.dll","%PROGRAMFILES%\Microsoft Onedrive\%VERSION%\qt5core.dll","EASteamProxy.exe","C:\Program Files\Electronic Arts\EA Desktop\EA Desktop\EASteamProxy.exe","%PROGRAMFILES%\Electronic Arts\EA Desktop\EA Desktop\EASteamProxy.exe","Sideloading"
"qt5core.dll","C:\Users\<User>\AppData\Local\Microsoft\Onedrive\%VERSION%\qt5core.dll","%LOCALAPPDATA%\Microsoft\Onedrive\%VERSION%\qt5core.dll","EASteamProxy.exe","C:\Program Files\Electronic Arts\EA Desktop\EA Desktop\EASteamProxy.exe","%PROGRAMFILES%\Electronic Arts\EA Desktop\EA Desktop\EASteamProxy.exe","Sideloading"
"qt5core.dll","C:\Program Files\Dropbox\Client\%VERSION%\qt5core.dll","%PROGRAMFILES%\Dropbox\Client\%VERSION%\qt5core.dll","EASteamProxy.exe","C:\Program Files\Electronic Arts\EA Desktop\EA Desktop\EASteamProxy.exe","%PROGRAMFILES%\Electronic Arts\EA Desktop\EA Desktop\EASteamProxy.exe","Sideloading"
"qt5core.dll","C:\Program Files\LogiOptionsPlus\qt5core.dll","%PROGRAMFILES%\LogiOptionsPlus\qt5core.dll","EASteamProxy.exe","C:\Program Files\Electronic Arts\EA Desktop\EA Desktop\EASteamProxy.exe","%PROGRAMFILES%\Electronic Arts\EA Desktop\EA Desktop\EASteamProxy.exe","Sideloading"
"qtgui4.dll","C:\Program Files\Audacity\qtgui4.dll","%PROGRAMFILES%\Audacity\qtgui4.dll","crashreporter.exe","C:\Program Files\Audacity\crashreporter.exe","%PROGRAMFILES%\Audacity\crashreporter.exe","Sideloading"
"qtgui4.dll","C:\Program Files\Audacity\qtgui4.dll","%PROGRAMFILES%\Audacity\qtgui4.dll","ShortcutTaskAgent.exe","C:\Program Files\AOMEI\AOMEI Backupper\%VERSION%\ShortcutTaskAgent.exe","%PROGRAMFILES%\AOMEI\AOMEI Backupper\%VERSION%\ShortcutTaskAgent.exe","Sideloading"
"qtgui4.dll","C:\Program Files\AOMEI\AOMEI Backupper\%VERSION%\qtgui4.dll","%PROGRAMFILES%\AOMEI\AOMEI Backupper\%VERSION%\qtgui4.dll","crashreporter.exe","C:\Program Files\Audacity\crashreporter.exe","%PROGRAMFILES%\Audacity\crashreporter.exe","Sideloading"
"qtgui4.dll","C:\Program Files\AOMEI\AOMEI Backupper\%VERSION%\qtgui4.dll","%PROGRAMFILES%\AOMEI\AOMEI Backupper\%VERSION%\qtgui4.dll","ShortcutTaskAgent.exe","C:\Program Files\AOMEI\AOMEI Backupper\%VERSION%\ShortcutTaskAgent.exe","%PROGRAMFILES%\AOMEI\AOMEI Backupper\%VERSION%\ShortcutTaskAgent.exe","Sideloading"
"roboform.dll","C:\Program Files\Siber Systems\AI RoboForm\roboform.dll","%PROGRAMFILES%\Siber Systems\AI RoboForm\roboform.dll","RoboTaskBarIcon.exe","C:\Program Files\Siber Systems\AI RoboForm\RoboTaskBarIcon.exe","%PROGRAMFILES%\Siber Systems\AI RoboForm\RoboTaskBarIcon.exe","Sideloading"
"roboform-x64.dll","C:\Program Files\Siber Systems\AI RoboForm\%VERSION%\roboform-x64.dll","%PROGRAMFILES%\Siber Systems\AI RoboForm\%VERSION%\roboform-x64.dll","robotaskbaricon-x64.exe","C:\Program Files\Siber Systems\AI RoboForm\%VERSION%\robotaskbaricon-x64.exe","%PROGRAMFILES%\Siber Systems\AI RoboForm\%VERSION%\robotaskbaricon-x64.exe","Sideloading"
"libcares-2.dll","C:\Users\<User>\AppData\Local\GitKraken\app-%VERSION%\libcares-2.dll","%LOCALAPPDATA%\GitKraken\app-%VERSION%\libcares-2.dll","ahost.exe","","","Sideloading"
"ci.dll","C:\Program Files\Digiarty\WinX Blu-ray Decrypter\ci.dll","%PROGRAMFILES%\Digiarty\WinX Blu-ray Decrypter\ci.dll","WinX Blu-ray Decrypter.exe","C:\Program Files\Digiarty\WinX Blu-ray Decrypter\WinX Blu-ray Decrypter.exe","%PROGRAMFILES%\Digiarty\WinX Blu-ray Decrypter\WinX Blu-ray Decrypter.exe","Sideloading"
"ci.dll","C:\Windows\System32\ci.dll","%SYSTEM32%\ci.dll","WinX Blu-ray Decrypter.exe","C:\Program Files\Digiarty\WinX Blu-ray Decrypter\WinX Blu-ray Decrypter.exe","%PROGRAMFILES%\Digiarty\WinX Blu-ray Decrypter\WinX Blu-ray Decrypter.exe","Sideloading"
"corefoundation.dll","C:\Program Files\Common Files\Apple\Apple Application Support\corefoundation.dll","%PROGRAMFILES%\Common Files\Apple\Apple Application Support\corefoundation.dll","ituneshelper.exe","C:\Program Files\iTunes\ituneshelper.exe","%PROGRAMFILES%\iTunes\ituneshelper.exe","Sideloading"
"corefoundation.dll","C:\Program Files\Common Files\Apple\Apple Application Support\corefoundation.dll","%PROGRAMFILES%\Common Files\Apple\Apple Application Support\corefoundation.dll","QuickTimePlayer.exe","C:\Program Files\QuickTime\QuickTimePlayer.exe","%PROGRAMFILES%\QuickTime\QuickTimePlayer.exe","Sideloading"
"corefoundation.dll","C:\Program Files\iTunes\corefoundation.dll","%PROGRAMFILES%\iTunes\corefoundation.dll","ituneshelper.exe","C:\Program Files\iTunes\ituneshelper.exe","%PROGRAMFILES%\iTunes\ituneshelper.exe","Sideloading"
"corefoundation.dll","C:\Program Files\iTunes\corefoundation.dll","%PROGRAMFILES%\iTunes\corefoundation.dll","QuickTimePlayer.exe","C:\Program Files\QuickTime\QuickTimePlayer.exe","%PROGRAMFILES%\QuickTime\QuickTimePlayer.exe","Sideloading"
"corefoundation.dll","C:\Windows\System32\corefoundation.dll","%SYSTEM32%\corefoundation.dll","ituneshelper.exe","C:\Program Files\iTunes\ituneshelper.exe","%PROGRAMFILES%\iTunes\ituneshelper.exe","Sideloading"
"corefoundation.dll","C:\Windows\System32\corefoundation.dll","%SYSTEM32%\corefoundation.dll","QuickTimePlayer.exe","C:\Program Files\QuickTime\QuickTimePlayer.exe","%PROGRAMFILES%\QuickTime\QuickTimePlayer.exe","Sideloading"
"wblindp2.dll","C:\Program Files\Stardock\WindowBlinds\wblindp2.dll","%PROGRAMFILES%\Stardock\WindowBlinds\wblindp2.dll","WB11Config.exe","C:\Program Files\Stardock\WindowBlinds\WB11Config.exe","%PROGRAMFILES%\Stardock\WindowBlinds\WB11Config.exe","Sideloading"
"jrtools.dll","C:\Program Files\J River\Media Center %VERSION%\jrtools.dll","%PROGRAMFILES%\J River\Media Center %VERSION%\jrtools.dll","JRService.exe","C:\Program Files\J River\Media Center %VERSION%\JRService.exe","%PROGRAMFILES%\J River\Media Center %VERSION%\JRService.exe","Sideloading"
"browser_host.dll","C:\Program Files\SogouInput\browser_host.dll","%PROGRAMFILES%\SogouInput\browser_host.dll","biz_render.exe","C:\Program Files\SogouInput\biz_render.exe","%PROGRAMFILES%\SogouInput\biz_render.exe","Sideloading"
"python310.dll","C:\Program Files\Python310\python310.dll","%PROGRAMFILES%\Python310\python310.dll","pythonw.exe","","","Sideloading"
"python310.dll","C:\Program Files\Python310\python310.dll","%PROGRAMFILES%\Python310\python310.dll","dwagent.exe","","","Sideloading"
"python310.dll","C:\Users\<User>\AppData\Local\Temp\%VERSION%\python310.dll","%LOCALAPPDATA%\Temp\%VERSION%\python310.dll","pythonw.exe","","","Sideloading"
"python310.dll","C:\Users\<User>\AppData\Local\Temp\%VERSION%\python310.dll","%LOCALAPPDATA%\Temp\%VERSION%\python310.dll","dwagent.exe","","","Sideloading"
"python310.dll","C:\Program Files\DWAgent\runtime\python310.dll","%PROGRAMFILES%\DWAgent\runtime\python310.dll","pythonw.exe","","","Sideloading"
"python310.dll","C:\Program Files\DWAgent\runtime\python310.dll","%PROGRAMFILES%\DWAgent\runtime\python310.dll","dwagent.exe","","","Sideloading"
"python310.dll","C:\Users\<User>\anaconda3\python310.dll","%USERPROFILE%\anaconda3\python310.dll","pythonw.exe","","","Sideloading"
"python310.dll","C:\Users\<User>\anaconda3\python310.dll","%USERPROFILE%\anaconda3\python310.dll","dwagent.exe","","","Sideloading"
"python311.dll","C:\Program Files\Python311\python311.dll","%PROGRAMFILES%\Python311\python311.dll","pythonw.exe","","","Sideloading"
"python311.dll","C:\Users\<User>\AppData\Local\Programs\Python\Python311\python311.dll","%LOCALAPPDATA%\Programs\Python\Python311\python311.dll","pythonw.exe","","","Sideloading"
"python39.dll","C:\Program Files\Python39\python39.dll","%PROGRAMFILES%\Python39\python39.dll","python39.exe","","","Sideloading"
"python39.dll","C:\Users\<User>\AppData\Local\Temp\%VERSION%\python39.dll","%LOCALAPPDATA%\Temp\%VERSION%\python39.dll","python39.exe","","","Sideloading"
"python39.dll","C:\Program Files\Microsoft Visual Studio\2022\Community\Common7\IDE\CommonExtensions\Microsoft\VC\SecurityIssueAnalysis\python\python39.dll","%PROGRAMFILES%\Microsoft Visual Studio\2022\Community\Common7\IDE\CommonExtensions\Microsoft\VC\SecurityIssueAnalysis\python\python39.dll","python39.exe","","","Sideloading"
"python39.dll","C:\Users\<User>\anaconda3\python39.dll","%USERPROFILE%\anaconda3\python39.dll","python39.exe","","","Sideloading"
"atl71.dll","C:\Program Files\Common Files\Thunder Network\TP\%VERSION%\atl71.dll","%PROGRAMFILES%\Common Files\Thunder Network\TP\%VERSION%\atl71.dll","XLBugReport.exe","C:\Program Files\Common Files\Thunder Network\TP\%VERSION%\XLBugReport.exe","%PROGRAMFILES%\Common Files\Thunder Network\TP\%VERSION%\XLBugReport.exe","Sideloading"
"libcrypto-1_1.dll","C:\Program Files\AOMEI Partition Assistant\libcrypto-1_1.dll","%PROGRAMFILES%\AOMEI Partition Assistant\libcrypto-1_1.dll","Defragger.exe","C:\Program Files\AOMEI Partition Assistant\Defragger.exe","%PROGRAMFILES%\AOMEI Partition Assistant\Defragger.exe","Sideloading"
"comn.dll","C:\Program Files\AOMEI\AOMEI Backupper\%VERSION%\comn.dll","%PROGRAMFILES%\AOMEI\AOMEI Backupper\%VERSION%\comn.dll","Abspawnhlp.exe","C:\Program Files\AOMEI\AOMEI Backupper\%VERSION%\Abspawnhlp.exe","%PROGRAMFILES%\AOMEI\AOMEI Backupper\%VERSION%\Abspawnhlp.exe","Sideloading"
"comn.dll","C:\Program Files\AOMEI\AOMEI Backupper\%VERSION%\comn.dll","%PROGRAMFILES%\AOMEI\AOMEI Backupper\%VERSION%\comn.dll","ABCorehlp.exe","C:\Program Files\AOMEI\AOMEI Backupper\%VERSION%\ABCorehlp.exe","%PROGRAMFILES%\AOMEI\AOMEI Backupper\%VERSION%\ABCorehlp.exe","Sideloading"
"basicnetutils.dll","C:\Users\<User>\AppData\Local\Temp\%VERSION%\Application2\basicnetutils.dll","%LOCALAPPDATA%\Temp\%VERSION%\Application2\basicnetutils.dll","XLGameUpdate.exe","C:\Users\<User>\AppData\Local\Temp\%VERSION%\Application2\XLGameUpdate.exe","%LOCALAPPDATA%\Temp\%VERSION%\Application2\XLGameUpdate.exe","Sideloading"
"basicnetutils.dll","C:\Program Files\BAIDU\BAIDUPINYIN\%VERSION%\basicnetutils.dll","%PROGRAMFILES%\BAIDU\BAIDUPINYIN\%VERSION%\basicnetutils.dll","XLGameUpdate.exe","C:\Users\<User>\AppData\Local\Temp\%VERSION%\Application2\XLGameUpdate.exe","%LOCALAPPDATA%\Temp\%VERSION%\Application2\XLGameUpdate.exe","Sideloading"
"classicexplorer32.dll","C:\Program Files\Classic Shell\classicexplorer32.dll","%PROGRAMFILES%\Classic Shell\classicexplorer32.dll","ClassicExplorerSettings.exe","","","Sideloading"
"classicexplorer32.dll","C:\Program Files\Open-Shell\classicexplorer32.dll","%PROGRAMFILES%\Open-Shell\classicexplorer32.dll","ClassicExplorerSettings.exe","","","Sideloading"
"vntfxf32.dll","C:\Program Files\Venta\VentaFax & Voice\vntfxf32.dll","%PROGRAMFILES%\Venta\VentaFax & Voice\vntfxf32.dll","spoololk.exe","C:\Program Files\Venta\VentaFax & Voice\spoololk.exe","%PROGRAMFILES%\Venta\VentaFax & Voice\spoololk.exe","Sideloading"
"goopdate.dll","C:\Program Files\Dropbox\Update\goopdate.dll","%PROGRAMFILES%\Dropbox\Update\goopdate.dll","DropboxUpdate.exe","","","Sideloading"
"goopdate.dll","C:\Program Files\Dropbox\Update\goopdate.dll","%PROGRAMFILES%\Dropbox\Update\goopdate.dll","DropboxCrashHandler.exe","","","Sideloading"
"goopdate.dll","C:\Program Files\Dropbox\Update\%VERSION%\goopdate.dll","%PROGRAMFILES%\Dropbox\Update\%VERSION%\goopdate.dll","DropboxUpdate.exe","","","Sideloading"
"goopdate.dll","C:\Program Files\Dropbox\Update\%VERSION%\goopdate.dll","%PROGRAMFILES%\Dropbox\Update\%VERSION%\goopdate.dll","DropboxCrashHandler.exe","","","Sideloading"
"goopdate.dll","C:\Users\<User>\AppData\Local\DropboxUpdate\Update\goopdate.dll","%LOCALAPPDATA%\DropboxUpdate\Update\goopdate.dll","DropboxUpdate.exe","","","Sideloading"
"goopdate.dll","C:\Users\<User>\AppData\Local\DropboxUpdate\Update\goopdate.dll","%LOCALAPPDATA%\DropboxUpdate\Update\goopdate.dll","DropboxCrashHandler.exe","","","Sideloading"
"dal_keepalives.dll","C:\Program Files\audinate\shared files\dal_keepalives.dll","%PROGRAMFILES%\audinate\shared files\dal_keepalives.dll","mDnsResponder.exe","C:\Program Files\audinate\shared files\mDnsResponder.exe","%PROGRAMFILES%\audinate\shared files\mDnsResponder.exe","Sideloading"
"wsc.dll","C:\Program Files\AVAST Software\Avast\wsc.dll","%PROGRAMFILES%\AVAST Software\Avast\wsc.dll","wsc_proxy.exe","","","Search Order"
"wsc.dll","C:\Program Files\Norton\Suite\wsc.dll","%PROGRAMFILES%\Norton\Suite\wsc.dll","wsc_proxy.exe","","","Search Order"
"wsc.dll","C:\Program Files\AVG\Antivirus\wsc.dll","%PROGRAMFILES%\AVG\Antivirus\wsc.dll","wsc_proxy.exe","","","Search Order"
"libxfont-1.dll","C:\Program Files\Mobatek\MobaXterm Personal Edition\libxfont-1.dll","%PROGRAMFILES%\Mobatek\MobaXterm Personal Edition\libxfont-1.dll","MobaXterm.exe","C:\Program Files\Mobatek\MobaXterm Personal Edition\MobaXterm.exe","%PROGRAMFILES%\Mobatek\MobaXterm Personal Edition\MobaXterm.exe","Sideloading"
"libxfont-1.dll","C:\Program Files\Mobatek\MobaXterm Personal Edition\libxfont-1.dll","%PROGRAMFILES%\Mobatek\MobaXterm Personal Edition\libxfont-1.dll","MobaXterm.exe","C:\Program Files\Mobatek\MobaXterm\MobaXterm.exe","%PROGRAMFILES%\Mobatek\MobaXterm\MobaXterm.exe","Sideloading"
"libxfont-1.dll","C:\Program Files\Mobatek\MobaXterm\libxfont-1.dll","%PROGRAMFILES%\Mobatek\MobaXterm\libxfont-1.dll","MobaXterm.exe","C:\Program Files\Mobatek\MobaXterm Personal Edition\MobaXterm.exe","%PROGRAMFILES%\Mobatek\MobaXterm Personal Edition\MobaXterm.exe","Sideloading"
"libxfont-1.dll","C:\Program Files\Mobatek\MobaXterm\libxfont-1.dll","%PROGRAMFILES%\Mobatek\MobaXterm\libxfont-1.dll","MobaXterm.exe","C:\Program Files\Mobatek\MobaXterm\MobaXterm.exe","%PROGRAMFILES%\Mobatek\MobaXterm\MobaXterm.exe","Sideloading"
"cc3260mt.dll","C:\Program Files\TiVo\Desktop\cc3260mt.dll","%PROGRAMFILES%\TiVo\Desktop\cc3260mt.dll","TiVoServer.exe","C:\Program Files\TiVo\Desktop\TiVoServer.exe","%PROGRAMFILES%\TiVo\Desktop\TiVoServer.exe","Sideloading"
"krpt.dll","C:\Program Files\Kingsoft\WPS Office\%VERSION%\office6\krpt.dll","%PROGRAMFILES%\Kingsoft\WPS Office\%VERSION%\office6\krpt.dll","wpp.exe","C:\Program Files\Kingsoft\WPS Office\%VERSION%\office6\wpp.exe","%PROGRAMFILES%\Kingsoft\WPS Office\%VERSION%\office6\wpp.exe","Sideloading"
"asfbncor.dll","C:\Program Files\Replay Media Splitter\asfbncor.dll","%PROGRAMFILES%\Replay Media Splitter\asfbncor.dll","ReplayMediaSplitter.exe","C:\Program Files\Replay Media Splitter\ReplayMediaSplitter.exe","%PROGRAMFILES%\Replay Media Splitter\ReplayMediaSplitter.exe","Sideloading"
"cnmpaui.dll","C:\Program Files\Canon\Canon IJ Printer Assistant Tool\\cnmpaui.dll","%PROGRAMFILES%\Canon\Canon IJ Printer Assistant Tool\\cnmpaui.dll","cnmpaui.exe","","","Sideloading"
"crashhandler.dll","C:\Program Files\Steam\crashhandler.dll","%PROGRAMFILES%\Steam\crashhandler.dll","steam_monitor.exe","C:\Program Files\Steam\bin\steam_monitor.exe","%PROGRAMFILES%\Steam\bin\steam_monitor.exe","Sideloading"
"vstdlib_s64.dll","C:\Program Files\Steam\vstdlib_s64.dll","%PROGRAMFILES%\Steam\vstdlib_s64.dll","steamerrorreporter64.exe","C:\Program Files\Steam\steamerrorreporter64.exe","%PROGRAMFILES%\Steam\steamerrorreporter64.exe","Sideloading"
"sentinelagentcore.dll","C:\Program Files\SentinelOne\Sentinel Agent %VERSION%\sentinelagentcore.dll","%PROGRAMFILES%\SentinelOne\Sentinel Agent %VERSION%\sentinelagentcore.dll","SentinelBrowserNativeHost.exe","C:\Program Files\SentinelOne\Sentinel Agent %VERSION%\SentinelBrowserNativeHost.exe","%PROGRAMFILES%\SentinelOne\Sentinel Agent %VERSION%\SentinelBrowserNativeHost.exe","Sideloading"
"sentinelagentcore.dll","C:\Program Files\SentinelOne\Sentinel Agent %VERSION%\sentinelagentcore.dll","%PROGRAMFILES%\SentinelOne\Sentinel Agent %VERSION%\sentinelagentcore.dll","SentinelAgentWorker.exe","C:\Program Files\SentinelOne\Sentinel Agent %VERSION%\SentinelAgentWorker.exe","%PROGRAMFILES%\SentinelOne\Sentinel Agent %VERSION%\SentinelAgentWorker.exe","Sideloading"
"wcldll.dll","C:\Program Files\Cisco Systems\Cisco Jabber\wcldll.dll","%PROGRAMFILES%\Cisco Systems\Cisco Jabber\wcldll.dll","ptInst.exe","C:\Program Files\Webex\Applications\ptInst.exe","%PROGRAMFILES%\Webex\Applications\ptInst.exe","Sideloading"
"wcldll.dll","C:\Program Files\Webex\Applications\wcldll.dll","%PROGRAMFILES%\Webex\Applications\wcldll.dll","ptInst.exe","C:\Program Files\Webex\Applications\ptInst.exe","%PROGRAMFILES%\Webex\Applications\ptInst.exe","Sideloading"
"wcldll.dll","C:\Program Files\Webex\Plugins\wcldll.dll","%PROGRAMFILES%\Webex\Plugins\wcldll.dll","ptInst.exe","C:\Program Files\Webex\Applications\ptInst.exe","%PROGRAMFILES%\Webex\Applications\ptInst.exe","Sideloading"
"ciscosparklauncher.dll","C:\Users\<User>\AppData\Local\CiscoSparkLauncher\ciscosparklauncher.dll","%LOCALAPPDATA%\CiscoSparkLauncher\ciscosparklauncher.dll","CiscoCollabHost.exe","","","Sideloading"
"ciscosparklauncher.dll","C:\Users\<User>\AppData\Local\Programs\Cisco Spark\ciscosparklauncher.dll","%LOCALAPPDATA%\Programs\Cisco Spark\ciscosparklauncher.dll","CiscoCollabHost.exe","","","Sideloading"
"ciscosparklauncher.dll","C:\Program Files\Cisco Spark\ciscosparklauncher.dll","%PROGRAMFILES%\Cisco Spark\ciscosparklauncher.dll","CiscoCollabHost.exe","","","Sideloading"
"winutils.dll","C:\Program Files\Palo Alto Networks\Traps\winutils.dll","%PROGRAMFILES%\Palo Alto Networks\Traps\winutils.dll","cydump.exe","C:\Program Files\Palo Alto Networks\Traps\cydump.exe","%PROGRAMFILES%\Palo Alto Networks\Traps\cydump.exe","Sideloading"
"vftrace.dll","C:\Program Files\CyberArk\Endpoint Privilege Manager\Agent\x32\vftrace.dll","%PROGRAMFILES%\CyberArk\Endpoint Privilege Manager\Agent\x32\vftrace.dll","vf_host.exe","","","Sideloading"
"vftrace.dll","C:\Program Files\CyberArk\Endpoint Privilege Manager\Agent\x64\vftrace.dll","%PROGRAMFILES%\CyberArk\Endpoint Privilege Manager\Agent\x64\vftrace.dll","vf_host.exe","","","Sideloading"
"vftrace.dll","C:\Program Files\CyberArk\Endpoint Privilege Manager\Agent\vftrace.dll","%PROGRAMFILES%\CyberArk\Endpoint Privilege Manager\Agent\vftrace.dll","vf_host.exe","","","Sideloading"
"madhcnet32.dll","C:\Program Files\Multimedia\K-Lite Codec Pack\Filters\madVR\madhcnet32.dll","%PROGRAMFILES%\Multimedia\K-Lite Codec Pack\Filters\madVR\madhcnet32.dll","madHcCtrl.exe","C:\Program Files\K-Lite Codec Pack\Filters\madVR\madHcCtrl.exe","%PROGRAMFILES%\K-Lite Codec Pack\Filters\madVR\madHcCtrl.exe","Sideloading"
"madhcnet32.dll","C:\Program Files\K-Lite Codec Pack\Filters\madVR\madhcnet32.dll","%PROGRAMFILES%\K-Lite Codec Pack\Filters\madVR\madhcnet32.dll","madHcCtrl.exe","C:\Program Files\K-Lite Codec Pack\Filters\madVR\madHcCtrl.exe","%PROGRAMFILES%\K-Lite Codec Pack\Filters\madVR\madHcCtrl.exe","Sideloading"
"qtcorevbox4.dll","C:\Program Files\Oracle\VirtualBox\qtcorevbox4.dll","%PROGRAMFILES%\Oracle\VirtualBox\qtcorevbox4.dll","VBoxTestOGL.exe","C:\Program Files\Oracle\VirtualBox\VBoxTestOGL.exe","%PROGRAMFILES%\Oracle\VirtualBox\VBoxTestOGL.exe","Sideloading"
"jli.dll","C:\Program Files\Java\%VERSION%\bin\jli.dll","%PROGRAMFILES%\Java\%VERSION%\bin\jli.dll","jsadebugd.exe","C:\Program Files\Java\%VERSION%\bin\jsadebugd.exe","%PROGRAMFILES%\Java\%VERSION%\bin\jsadebugd.exe","Sideloading"
"jli.dll","C:\Program Files\Java\%VERSION%\bin\jli.dll","%PROGRAMFILES%\Java\%VERSION%\bin\jli.dll","java.exe","C:\Program Files\Java\%VERSION%\bin\java.exe","%PROGRAMFILES%\Java\%VERSION%\bin\java.exe","Sideloading"
"jli.dll","C:\Program Files\Java\%VERSION%\bin\jli.dll","%PROGRAMFILES%\Java\%VERSION%\bin\jli.dll","javaw.exe","C:\Program Files\Java\%VERSION%\bin\javaw.exe","%PROGRAMFILES%\Java\%VERSION%\bin\javaw.exe","Sideloading"
"jli.dll","C:\Program Files\%VERSION%\jre\bin\jli.dll","%PROGRAMFILES%\%VERSION%\jre\bin\jli.dll","jsadebugd.exe","C:\Program Files\Java\%VERSION%\bin\jsadebugd.exe","%PROGRAMFILES%\Java\%VERSION%\bin\jsadebugd.exe","Sideloading"
"jli.dll","C:\Program Files\%VERSION%\jre\bin\jli.dll","%PROGRAMFILES%\%VERSION%\jre\bin\jli.dll","java.exe","C:\Program Files\Java\%VERSION%\bin\java.exe","%PROGRAMFILES%\Java\%VERSION%\bin\java.exe","Sideloading"
"jli.dll","C:\Program Files\%VERSION%\jre\bin\jli.dll","%PROGRAMFILES%\%VERSION%\jre\bin\jli.dll","javaw.exe","C:\Program Files\Java\%VERSION%\bin\javaw.exe","%PROGRAMFILES%\Java\%VERSION%\bin\javaw.exe","Sideloading"
"jli.dll","C:\Users\<User>\AppData\Local\Temp\%VERSION%\bin\jli.dll","%LOCALAPPDATA%\Temp\%VERSION%\bin\jli.dll","jsadebugd.exe","C:\Program Files\Java\%VERSION%\bin\jsadebugd.exe","%PROGRAMFILES%\Java\%VERSION%\bin\jsadebugd.exe","Sideloading"
"jli.dll","C:\Users\<User>\AppData\Local\Temp\%VERSION%\bin\jli.dll","%LOCALAPPDATA%\Temp\%VERSION%\bin\jli.dll","java.exe","C:\Program Files\Java\%VERSION%\bin\java.exe","%PROGRAMFILES%\Java\%VERSION%\bin\java.exe","Sideloading"
"jli.dll","C:\Users\<User>\AppData\Local\Temp\%VERSION%\bin\jli.dll","%LOCALAPPDATA%\Temp\%VERSION%\bin\jli.dll","javaw.exe","C:\Program Files\Java\%VERSION%\bin\javaw.exe","%PROGRAMFILES%\Java\%VERSION%\bin\javaw.exe","Sideloading"
"vboxrt.dll","C:\Program Files\Oracle\VirtualBox\vboxrt.dll","%PROGRAMFILES%\Oracle\VirtualBox\vboxrt.dll","VBoxSVC.exe","C:\Program Files\Oracle\VirtualBox\VBoxSVC.exe","%PROGRAMFILES%\Oracle\VirtualBox\VBoxSVC.exe","Sideloading"
"launcher.dll","C:\Program Files\SQL Developer\ide\bin\launcher.dll","%PROGRAMFILES%\SQL Developer\ide\bin\launcher.dll","sqldeveloper.exe","C:\Program Files\SQL Developer\sqldeveloper.exe","%PROGRAMFILES%\SQL Developer\sqldeveloper.exe","Search Order"
"launcher.dll","C:\Program Files\sqldeveloper\ide\bin\launcher.dll","%PROGRAMFILES%\sqldeveloper\ide\bin\launcher.dll","sqldeveloper.exe","C:\Program Files\SQL Developer\sqldeveloper.exe","%PROGRAMFILES%\SQL Developer\sqldeveloper.exe","Search Order"
"acrodistdll.dll","C:\Program Files\Adobe\Acrobat %VERSION%\Acrobat\acrodistdll.dll","%PROGRAMFILES%\Adobe\Acrobat %VERSION%\Acrobat\acrodistdll.dll","AcroDist.exe","C:\Program Files\Adobe\Acrobat %VERSION%\Acrobat\AcroDist.exe","%PROGRAMFILES%\Adobe\Acrobat %VERSION%\Acrobat\AcroDist.exe","Sideloading"
"sqlite.dll","C:\Program Files\Adobe\Acrobat Reader DC\Reader\sqlite.dll","%PROGRAMFILES%\Adobe\Acrobat Reader DC\Reader\sqlite.dll","AcroBroker.exe","C:\Program Files\Adobe\Acrobat Reader DC\Reader\AcroBroker.exe","%PROGRAMFILES%\Adobe\Acrobat Reader DC\Reader\AcroBroker.exe","Sideloading"
"sqlite.dll","C:\Program Files\Adobe\Acrobat DC\Acrobat\sqlite.dll","%PROGRAMFILES%\Adobe\Acrobat DC\Acrobat\sqlite.dll","AcroBroker.exe","C:\Program Files\Adobe\Acrobat Reader DC\Reader\AcroBroker.exe","%PROGRAMFILES%\Adobe\Acrobat Reader DC\Reader\AcroBroker.exe","Sideloading"
"calibre-launcher.dll","C:\Program Files\Calibre2\calibre-launcher.dll","%PROGRAMFILES%\Calibre2\calibre-launcher.dll","calibre.exe","","","Sideloading"
"tbb.dll","C:\Program Files\Adobe\Adobe Photoshop CC %VERSION%\tbb.dll","%PROGRAMFILES%\Adobe\Adobe Photoshop CC %VERSION%\tbb.dll","AGF3DPrinterDriver.exe","C:\Program Files\Adobe\Adobe Photoshop CC %VERSION%\AGF3DPrinterDriver.exe","%PROGRAMFILES%\Adobe\Adobe Photoshop CC %VERSION%\AGF3DPrinterDriver.exe","Sideloading"
"eacore.dll","C:\Program Files\Electronic Arts\EA Desktop\EA Desktop\eacore.dll","%PROGRAMFILES%\Electronic Arts\EA Desktop\EA Desktop\eacore.dll","EACoreServer.exe","C:\Program Files\Electronic Arts\EA Desktop\EA Desktop\EACoreServer.exe","%PROGRAMFILES%\Electronic Arts\EA Desktop\EA Desktop\EACoreServer.exe","Sideloading"
"ldvpocx.ocx","C:\Program Files\Symantec_Client_Security\Symantec AntiVirus\ldvpocx.ocx","%PROGRAMFILES%\Symantec_Client_Security\Symantec AntiVirus\ldvpocx.ocx","ldvpreg.exe","C:\Program Files\Symantec_Client_Security\Symantec AntiVirus\ldvpreg.exe","%PROGRAMFILES%\Symantec_Client_Security\Symantec AntiVirus\ldvpreg.exe","Sideloading"
"ldvpocx.ocx","C:\Program Files\Symantec AntiVirus\ldvpocx.ocx","%PROGRAMFILES%\Symantec AntiVirus\ldvpocx.ocx","ldvpreg.exe","C:\Program Files\Symantec_Client_Security\Symantec AntiVirus\ldvpreg.exe","%PROGRAMFILES%\Symantec_Client_Security\Symantec AntiVirus\ldvpreg.exe","Sideloading"
"rastls.dll","C:\Program Files\Symantec\Network Connected Devices Auto Setup\rastls.dll","%PROGRAMFILES%\Symantec\Network Connected Devices Auto Setup\rastls.dll","rastlsc.exe","C:\Program Files\Symantec\Network Connected Devices Auto Setup\rastlsc.exe","%PROGRAMFILES%\Symantec\Network Connected Devices Auto Setup\rastlsc.exe","Sideloading"
"rastls.dll","C:\Windows\System32\rastls.dll","%SYSTEM32%\rastls.dll","rastlsc.exe","C:\Program Files\Symantec\Network Connected Devices Auto Setup\rastlsc.exe","%PROGRAMFILES%\Symantec\Network Connected Devices Auto Setup\rastlsc.exe","Sideloading"
"log.dll","C:\Program Files\Bitdefender Antivirus Free\log.dll","%PROGRAMFILES%\Bitdefender Antivirus Free\log.dll","BDReinit.exe","C:\Program Files\Bitdefender Antivirus Free\BDReinit.exe","%PROGRAMFILES%\Bitdefender Antivirus Free\BDReinit.exe","Sideloading"
"log.dll","C:\Program Files\Bitdefender Antivirus Free\log.dll","%PROGRAMFILES%\Bitdefender Antivirus Free\log.dll","BDReinit.exe","C:\Program Files\Bitdefender Agent\%VERSION%\BDReinit.exe","%PROGRAMFILES%\Bitdefender Agent\%VERSION%\BDReinit.exe","Sideloading"
"log.dll","C:\Program Files\Bitdefender Antivirus Free\log.dll","%PROGRAMFILES%\Bitdefender Antivirus Free\log.dll","BDReinit.exe","C:\Program Files\Bitdefender Agent\%VERSION%\x64\BDReinit.exe","%PROGRAMFILES%\Bitdefender Agent\%VERSION%\x64\BDReinit.exe","Sideloading"
"log.dll","C:\Program Files\Bitdefender Antivirus Free\log.dll","%PROGRAMFILES%\Bitdefender Antivirus Free\log.dll","BDReinit.exe","C:\Program Files\Bitdefender\Bitdefender Security\BDReinit.exe","%PROGRAMFILES%\Bitdefender\Bitdefender Security\BDReinit.exe","Sideloading"
"log.dll","C:\Program Files\Bitdefender Antivirus Free\log.dll","%PROGRAMFILES%\Bitdefender Antivirus Free\log.dll","BDReinit.exe","C:\Program Files\Bitdefender\Bitdefender Security App\BDReinit.exe","%PROGRAMFILES%\Bitdefender\Bitdefender Security App\BDReinit.exe","Sideloading"
"log.dll","C:\Program Files\Bitdefender Antivirus Free\log.dll","%PROGRAMFILES%\Bitdefender Antivirus Free\log.dll","BDSubWiz.exe","C:\Program Files\Bitdefender Antivirus Free\BDSubWiz.exe","%PROGRAMFILES%\Bitdefender Antivirus Free\BDSubWiz.exe","Sideloading"
"log.dll","C:\Program Files\Bitdefender Antivirus Free\log.dll","%PROGRAMFILES%\Bitdefender Antivirus Free\log.dll","BDSubWiz.exe","C:\Program Files\Bitdefender Agent\%VERSION%\BDSubWiz.exe","%PROGRAMFILES%\Bitdefender Agent\%VERSION%\BDSubWiz.exe","Sideloading"
"log.dll","C:\Program Files\Bitdefender Antivirus Free\log.dll","%PROGRAMFILES%\Bitdefender Antivirus Free\log.dll","BDSubWiz.exe","C:\Program Files\Bitdefender Agent\%VERSION%\x64\BDSubWiz.exe","%PROGRAMFILES%\Bitdefender Agent\%VERSION%\x64\BDSubWiz.exe","Sideloading"
"log.dll","C:\Program Files\Bitdefender Antivirus Free\log.dll","%PROGRAMFILES%\Bitdefender Antivirus Free\log.dll","BDSubWiz.exe","C:\Program Files\Bitdefender\Bitdefender Security\BDSubWiz.exe","%PROGRAMFILES%\Bitdefender\Bitdefender Security\BDSubWiz.exe","Sideloading"
"log.dll","C:\Program Files\Bitdefender Antivirus Free\log.dll","%PROGRAMFILES%\Bitdefender Antivirus Free\log.dll","BDSubWiz.exe","C:\Program Files\Bitdefender\Bitdefender Security App\BDSubWiz.exe","%PROGRAMFILES%\Bitdefender\Bitdefender Security App\BDSubWiz.exe","Sideloading"
"log.dll","C:\Program Files\Bitdefender Agent\%VERSION%\log.dll","%PROGRAMFILES%\Bitdefender Agent\%VERSION%\log.dll","BDReinit.exe","C:\Program Files\Bitdefender Antivirus Free\BDReinit.exe","%PROGRAMFILES%\Bitdefender Antivirus Free\BDReinit.exe","Sideloading"
"log.dll","C:\Program Files\Bitdefender Agent\%VERSION%\log.dll","%PROGRAMFILES%\Bitdefender Agent\%VERSION%\log.dll","BDReinit.exe","C:\Program Files\Bitdefender Agent\%VERSION%\BDReinit.exe","%PROGRAMFILES%\Bitdefender Agent\%VERSION%\BDReinit.exe","Sideloading"
"log.dll","C:\Program Files\Bitdefender Agent\%VERSION%\log.dll","%PROGRAMFILES%\Bitdefender Agent\%VERSION%\log.dll","BDReinit.exe","C:\Program Files\Bitdefender Agent\%VERSION%\x64\BDReinit.exe","%PROGRAMFILES%\Bitdefender Agent\%VERSION%\x64\BDReinit.exe","Sideloading"
"log.dll","C:\Program Files\Bitdefender Agent\%VERSION%\log.dll","%PROGRAMFILES%\Bitdefender Agent\%VERSION%\log.dll","BDReinit.exe","C:\Program Files\Bitdefender\Bitdefender Security\BDReinit.exe","%PROGRAMFILES%\Bitdefender\Bitdefender Security\BDReinit.exe","Sideloading"
"log.dll","C:\Program Files\Bitdefender Agent\%VERSION%\log.dll","%PROGRAMFILES%\Bitdefender Agent\%VERSION%\log.dll","BDReinit.exe","C:\Program Files\Bitdefender\Bitdefender Security App\BDReinit.exe","%PROGRAMFILES%\Bitdefender\Bitdefender Security App\BDReinit.exe","Sideloading"
"log.dll","C:\Program Files\Bitdefender Agent\%VERSION%\log.dll","%PROGRAMFILES%\Bitdefender Agent\%VERSION%\log.dll","BDSubWiz.exe","C:\Program Files\Bitdefender Antivirus Free\BDSubWiz.exe","%PROGRAMFILES%\Bitdefender Antivirus Free\BDSubWiz.exe","Sideloading"
"log.dll","C:\Program Files\Bitdefender Agent\%VERSION%\log.dll","%PROGRAMFILES%\Bitdefender Agent\%VERSION%\log.dll","BDSubWiz.exe","C:\Program Files\Bitdefender Agent\%VERSION%\BDSubWiz.exe","%PROGRAMFILES%\Bitdefender Agent\%VERSION%\BDSubWiz.exe","Sideloading"
"log.dll","C:\Program Files\Bitdefender Agent\%VERSION%\log.dll","%PROGRAMFILES%\Bitdefender Agent\%VERSION%\log.dll","BDSubWiz.exe","C:\Program Files\Bitdefender Agent\%VERSION%\x64\BDSubWiz.exe","%PROGRAMFILES%\Bitdefender Agent\%VERSION%\x64\BDSubWiz.exe","Sideloading"
"log.dll","C:\Program Files\Bitdefender Agent\%VERSION%\log.dll","%PROGRAMFILES%\Bitdefender Agent\%VERSION%\log.dll","BDSubWiz.exe","C:\Program Files\Bitdefender\Bitdefender Security\BDSubWiz.exe","%PROGRAMFILES%\Bitdefender\Bitdefender Security\BDSubWiz.exe","Sideloading"
"log.dll","C:\Program Files\Bitdefender Agent\%VERSION%\log.dll","%PROGRAMFILES%\Bitdefender Agent\%VERSION%\log.dll","BDSubWiz.exe","C:\Program Files\Bitdefender\Bitdefender Security App\BDSubWiz.exe","%PROGRAMFILES%\Bitdefender\Bitdefender Security App\BDSubWiz.exe","Sideloading"
"log.dll","C:\Program Files\Bitdefender Agent\%VERSION%\x64\log.dll","%PROGRAMFILES%\Bitdefender Agent\%VERSION%\x64\log.dll","BDReinit.exe","C:\Program Files\Bitdefender Antivirus Free\BDReinit.exe","%PROGRAMFILES%\Bitdefender Antivirus Free\BDReinit.exe","Sideloading"
"log.dll","C:\Program Files\Bitdefender Agent\%VERSION%\x64\log.dll","%PROGRAMFILES%\Bitdefender Agent\%VERSION%\x64\log.dll","BDReinit.exe","C:\Program Files\Bitdefender Agent\%VERSION%\BDReinit.exe","%PROGRAMFILES%\Bitdefender Agent\%VERSION%\BDReinit.exe","Sideloading"
"log.dll","C:\Program Files\Bitdefender Agent\%VERSION%\x64\log.dll","%PROGRAMFILES%\Bitdefender Agent\%VERSION%\x64\log.dll","BDReinit.exe","C:\Program Files\Bitdefender Agent\%VERSION%\x64\BDReinit.exe","%PROGRAMFILES%\Bitdefender Agent\%VERSION%\x64\BDReinit.exe","Sideloading"
"log.dll","C:\Program Files\Bitdefender Agent\%VERSION%\x64\log.dll","%PROGRAMFILES%\Bitdefender Agent\%VERSION%\x64\log.dll","BDReinit.exe","C:\Program Files\Bitdefender\Bitdefender Security\BDReinit.exe","%PROGRAMFILES%\Bitdefender\Bitdefender Security\BDReinit.exe","Sideloading"
"log.dll","C:\Program Files\Bitdefender Agent\%VERSION%\x64\log.dll","%PROGRAMFILES%\Bitdefender Agent\%VERSION%\x64\log.dll","BDReinit.exe","C:\Program Files\Bitdefender\Bitdefender Security App\BDReinit.exe","%PROGRAMFILES%\Bitdefender\Bitdefender Security App\BDReinit.exe","Sideloading"
"log.dll","C:\Program Files\Bitdefender Agent\%VERSION%\x64\log.dll","%PROGRAMFILES%\Bitdefender Agent\%VERSION%\x64\log.dll","BDSubWiz.exe","C:\Program Files\Bitdefender Antivirus Free\BDSubWiz.exe","%PROGRAMFILES%\Bitdefender Antivirus Free\BDSubWiz.exe","Sideloading"
"log.dll","C:\Program Files\Bitdefender Agent\%VERSION%\x64\log.dll","%PROGRAMFILES%\Bitdefender Agent\%VERSION%\x64\log.dll","BDSubWiz.exe","C:\Program Files\Bitdefender Agent\%VERSION%\BDSubWiz.exe","%PROGRAMFILES%\Bitdefender Agent\%VERSION%\BDSubWiz.exe","Sideloading"
"log.dll","C:\Program Files\Bitdefender Agent\%VERSION%\x64\log.dll","%PROGRAMFILES%\Bitdefender Agent\%VERSION%\x64\log.dll","BDSubWiz.exe","C:\Program Files\Bitdefender Agent\%VERSION%\x64\BDSubWiz.exe","%PROGRAMFILES%\Bitdefender Agent\%VERSION%\x64\BDSubWiz.exe","Sideloading"
"log.dll","C:\Program Files\Bitdefender Agent\%VERSION%\x64\log.dll","%PROGRAMFILES%\Bitdefender Agent\%VERSION%\x64\log.dll","BDSubWiz.exe","C:\Program Files\Bitdefender\Bitdefender Security\BDSubWiz.exe","%PROGRAMFILES%\Bitdefender\Bitdefender Security\BDSubWiz.exe","Sideloading"
"log.dll","C:\Program Files\Bitdefender Agent\%VERSION%\x64\log.dll","%PROGRAMFILES%\Bitdefender Agent\%VERSION%\x64\log.dll","BDSubWiz.exe","C:\Program Files\Bitdefender\Bitdefender Security App\BDSubWiz.exe","%PROGRAMFILES%\Bitdefender\Bitdefender Security App\BDSubWiz.exe","Sideloading"
"log.dll","C:\Program Files\Bitdefender\Bitdefender Security\log.dll","%PROGRAMFILES%\Bitdefender\Bitdefender Security\log.dll","BDReinit.exe","C:\Program Files\Bitdefender Antivirus Free\BDReinit.exe","%PROGRAMFILES%\Bitdefender Antivirus Free\BDReinit.exe","Sideloading"
"log.dll","C:\Program Files\Bitdefender\Bitdefender Security\log.dll","%PROGRAMFILES%\Bitdefender\Bitdefender Security\log.dll","BDReinit.exe","C:\Program Files\Bitdefender Agent\%VERSION%\BDReinit.exe","%PROGRAMFILES%\Bitdefender Agent\%VERSION%\BDReinit.exe","Sideloading"
"log.dll","C:\Program Files\Bitdefender\Bitdefender Security\log.dll","%PROGRAMFILES%\Bitdefender\Bitdefender Security\log.dll","BDReinit.exe","C:\Program Files\Bitdefender Agent\%VERSION%\x64\BDReinit.exe","%PROGRAMFILES%\Bitdefender Agent\%VERSION%\x64\BDReinit.exe","Sideloading"
"log.dll","C:\Program Files\Bitdefender\Bitdefender Security\log.dll","%PROGRAMFILES%\Bitdefender\Bitdefender Security\log.dll","BDReinit.exe","C:\Program Files\Bitdefender\Bitdefender Security\BDReinit.exe","%PROGRAMFILES%\Bitdefender\Bitdefender Security\BDReinit.exe","Sideloading"
"log.dll","C:\Program Files\Bitdefender\Bitdefender Security\log.dll","%PROGRAMFILES%\Bitdefender\Bitdefender Security\log.dll","BDReinit.exe","C:\Program Files\Bitdefender\Bitdefender Security App\BDReinit.exe","%PROGRAMFILES%\Bitdefender\Bitdefender Security App\BDReinit.exe","Sideloading"
"log.dll","C:\Program Files\Bitdefender\Bitdefender Security\log.dll","%PROGRAMFILES%\Bitdefender\Bitdefender Security\log.dll","BDSubWiz.exe","C:\Program Files\Bitdefender Antivirus Free\BDSubWiz.exe","%PROGRAMFILES%\Bitdefender Antivirus Free\BDSubWiz.exe","Sideloading"
"log.dll","C:\Program Files\Bitdefender\Bitdefender Security\log.dll","%PROGRAMFILES%\Bitdefender\Bitdefender Security\log.dll","BDSubWiz.exe","C:\Program Files\Bitdefender Agent\%VERSION%\BDSubWiz.exe","%PROGRAMFILES%\Bitdefender Agent\%VERSION%\BDSubWiz.exe","Sideloading"
"log.dll","C:\Program Files\Bitdefender\Bitdefender Security\log.dll","%PROGRAMFILES%\Bitdefender\Bitdefender Security\log.dll","BDSubWiz.exe","C:\Program Files\Bitdefender Agent\%VERSION%\x64\BDSubWiz.exe","%PROGRAMFILES%\Bitdefender Agent\%VERSION%\x64\BDSubWiz.exe","Sideloading"
"log.dll","C:\Program Files\Bitdefender\Bitdefender Security\log.dll","%PROGRAMFILES%\Bitdefender\Bitdefender Security\log.dll","BDSubWiz.exe","C:\Program Files\Bitdefender\Bitdefender Security\BDSubWiz.exe","%PROGRAMFILES%\Bitdefender\Bitdefender Security\BDSubWiz.exe","Sideloading"
"log.dll","C:\Program Files\Bitdefender\Bitdefender Security\log.dll","%PROGRAMFILES%\Bitdefender\Bitdefender Security\log.dll","BDSubWiz.exe","C:\Program Files\Bitdefender\Bitdefender Security App\BDSubWiz.exe","%PROGRAMFILES%\Bitdefender\Bitdefender Security App\BDSubWiz.exe","Sideloading"
"log.dll","C:\Program Files\Bitdefender\Bitdefender Security App\log.dll","%PROGRAMFILES%\Bitdefender\Bitdefender Security App\log.dll","BDReinit.exe","C:\Program Files\Bitdefender Antivirus Free\BDReinit.exe","%PROGRAMFILES%\Bitdefender Antivirus Free\BDReinit.exe","Sideloading"
"log.dll","C:\Program Files\Bitdefender\Bitdefender Security App\log.dll","%PROGRAMFILES%\Bitdefender\Bitdefender Security App\log.dll","BDReinit.exe","C:\Program Files\Bitdefender Agent\%VERSION%\BDReinit.exe","%PROGRAMFILES%\Bitdefender Agent\%VERSION%\BDReinit.exe","Sideloading"
"log.dll","C:\Program Files\Bitdefender\Bitdefender Security App\log.dll","%PROGRAMFILES%\Bitdefender\Bitdefender Security App\log.dll","BDReinit.exe","C:\Program Files\Bitdefender Agent\%VERSION%\x64\BDReinit.exe","%PROGRAMFILES%\Bitdefender Agent\%VERSION%\x64\BDReinit.exe","Sideloading"
"log.dll","C:\Program Files\Bitdefender\Bitdefender Security App\log.dll","%PROGRAMFILES%\Bitdefender\Bitdefender Security App\log.dll","BDReinit.exe","C:\Program Files\Bitdefender\Bitdefender Security\BDReinit.exe","%PROGRAMFILES%\Bitdefender\Bitdefender Security\BDReinit.exe","Sideloading"
"log.dll","C:\Program Files\Bitdefender\Bitdefender Security App\log.dll","%PROGRAMFILES%\Bitdefender\Bitdefender Security App\log.dll","BDReinit.exe","C:\Program Files\Bitdefender\Bitdefender Security App\BDReinit.exe","%PROGRAMFILES%\Bitdefender\Bitdefender Security App\BDReinit.exe","Sideloading"
"log.dll","C:\Program Files\Bitdefender\Bitdefender Security App\log.dll","%PROGRAMFILES%\Bitdefender\Bitdefender Security App\log.dll","BDSubWiz.exe","C:\Program Files\Bitdefender Antivirus Free\BDSubWiz.exe","%PROGRAMFILES%\Bitdefender Antivirus Free\BDSubWiz.exe","Sideloading"
"log.dll","C:\Program Files\Bitdefender\Bitdefender Security App\log.dll","%PROGRAMFILES%\Bitdefender\Bitdefender Security App\log.dll","BDSubWiz.exe","C:\Program Files\Bitdefender Agent\%VERSION%\BDSubWiz.exe","%PROGRAMFILES%\Bitdefender Agent\%VERSION%\BDSubWiz.exe","Sideloading"
"log.dll","C:\Program Files\Bitdefender\Bitdefender Security App\log.dll","%PROGRAMFILES%\Bitdefender\Bitdefender Security App\log.dll","BDSubWiz.exe","C:\Program Files\Bitdefender Agent\%VERSION%\x64\BDSubWiz.exe","%PROGRAMFILES%\Bitdefender Agent\%VERSION%\x64\BDSubWiz.exe","Sideloading"
"log.dll","C:\Program Files\Bitdefender\Bitdefender Security App\log.dll","%PROGRAMFILES%\Bitdefender\Bitdefender Security App\log.dll","BDSubWiz.exe","C:\Program Files\Bitdefender\Bitdefender Security\BDSubWiz.exe","%PROGRAMFILES%\Bitdefender\Bitdefender Security\BDSubWiz.exe","Sideloading"
"log.dll","C:\Program Files\Bitdefender\Bitdefender Security App\log.dll","%PROGRAMFILES%\Bitdefender\Bitdefender Security App\log.dll","BDSubWiz.exe","C:\Program Files\Bitdefender\Bitdefender Security App\BDSubWiz.exe","%PROGRAMFILES%\Bitdefender\Bitdefender Security App\BDSubWiz.exe","Sideloading"
"mfc140u.dll","C:\Program Files\CheckMAL\AppCheck\mfc140u.dll","%PROGRAMFILES%\CheckMAL\AppCheck\mfc140u.dll","AppCheck.exe","C:\Program Files\CheckMAL\AppCheck\AppCheck.exe","%PROGRAMFILES%\CheckMAL\AppCheck\AppCheck.exe","Sideloading"
"avupdate.dll","C:\Program Files\Confer\scanner\upd.exe\avupdate.dll","%PROGRAMFILES%\Confer\scanner\upd.exe\avupdate.dll","upd.exe","C:\Program Files\Confer\scanner\upd.exe","%PROGRAMFILES%\Confer\scanner\upd.exe","Sideloading"
"rzlog4cpp_logger.dll","C:\Users\<User>\AppData\Local\razer\InGameEngine\cache\RzFpsApplet\rzlog4cpp_logger.dll","%LOCALAPPDATA%\razer\InGameEngine\cache\RzFpsApplet\rzlog4cpp_logger.dll","RzCefRenderProcess.exe","C:\Users\<User>\AppData\Local\razer\InGameEngine\cache\RzFpsApplet\RzCefRenderProcess.exe","%LOCALAPPDATA%\razer\InGameEngine\cache\RzFpsApplet\RzCefRenderProcess.exe","Sideloading"
"crashrpt.dll","C:\Program Files\MPC-HC\CrashReporter\crashrpt.dll","%PROGRAMFILES%\MPC-HC\CrashReporter\crashrpt.dll","mpc-hc.exe","C:\Program Files\MPC-HC\mpc-hc.exe","%PROGRAMFILES%\MPC-HC\mpc-hc.exe","Sideloading"
"crashrpt.dll","C:\Program Files\MPC-HC\CrashReporter\crashrpt.dll","%PROGRAMFILES%\MPC-HC\CrashReporter\crashrpt.dll","mpc-hc64.exe","C:\Program Files\MPC-HC\mpc-hc64.exe","%PROGRAMFILES%\MPC-HC\mpc-hc64.exe","Sideloading"
"phc.dll","C:\Users\<User>\AppData\Roaming\Foxit Software\Classic\Addon\Foxit PDF Editor\plugins\phc.dll","%APPDATA%\Foxit Software\Classic\Addon\Foxit PDF Editor\plugins\phc.dll","FoxitPDFEditorUpdater.exe","C:\Users\<User>\AppData\Roaming\Foxit Software\Classic\Addon\Foxit PDF Editor\FoxitPDFEditorUpdater.exe","%APPDATA%\Foxit Software\Classic\Addon\Foxit PDF Editor\FoxitPDFEditorUpdater.exe","Sideloading"
"vivaldi_elf.dll","C:\Users\<User>\AppData\Local\Vivaldi\Application\vivaldi_elf.dll","%LOCALAPPDATA%\Vivaldi\Application\vivaldi_elf.dll","vivaldi.exe","C:\Users\<User>\AppData\Local\Vivaldi\Application\vivaldi.exe","%LOCALAPPDATA%\Vivaldi\Application\vivaldi.exe","Sideloading"
"vivaldi_elf.dll","C:\Users\<User>\AppData\Local\Vivaldi\Application\%VERSION%\vivaldi_elf.dll","%LOCALAPPDATA%\Vivaldi\Application\%VERSION%\vivaldi_elf.dll","vivaldi.exe","C:\Users\<User>\AppData\Local\Vivaldi\Application\vivaldi.exe","%LOCALAPPDATA%\Vivaldi\Application\vivaldi.exe","Sideloading"
"vivaldi_elf.dll","C:\Users\<User>\AppData\Local\Programs\Vivaldi\Application\%VERSION%\vivaldi_elf.dll","%LOCALAPPDATA%\Programs\Vivaldi\Application\%VERSION%\vivaldi_elf.dll","vivaldi.exe","C:\Users\<User>\AppData\Local\Vivaldi\Application\vivaldi.exe","%LOCALAPPDATA%\Vivaldi\Application\vivaldi.exe","Sideloading"
"mfcu100u.dll","C:\Program Files\TechSmith\Camtasia Studio 8\mfcu100u.dll","%PROGRAMFILES%\TechSmith\Camtasia Studio 8\mfcu100u.dll","CamMenuMaker.exe","C:\Program Files\TechSmith\Camtasia Studio 8\CamMenuMaker.exe","%PROGRAMFILES%\TechSmith\Camtasia Studio 8\CamMenuMaker.exe","Sideloading"
"unityplayer.dll","C:\Users\<User>\AppData\Local\Temp\%VERSION%\Windows\unityplayer.dll","%LOCALAPPDATA%\Temp\%VERSION%\Windows\unityplayer.dll","KingdomTwoCrowns.exe","","","Sideloading"
"libngs.dll","C:\Program Files\Sangfor\SSL\RemoteAppClient\\libngs.dll","%PROGRAMFILES%\Sangfor\SSL\RemoteAppClient\\libngs.dll","SRAPSession.exe","C:\Program Files\Sangfor\SSL\RemoteAppClient\SRAPSession.exe","%PROGRAMFILES%\Sangfor\SSL\RemoteAppClient\SRAPSession.exe","Sideloading"
"tutil32.dll","C:\Program Files\PDE\tutil32.dll","%PROGRAMFILES%\PDE\tutil32.dll","PDE.exe","C:\Program Files\PDE\PDE.exe","%PROGRAMFILES%\PDE\PDE.exe","Sideloading"
"cc32290mt.dll","C:\Program Files\Ahnenblatt4\Ahnenblatt4.exe\cc32290mt.dll","%PROGRAMFILES%\Ahnenblatt4\Ahnenblatt4.exe\cc32290mt.dll","Ahnenblatt4.exe","C:\Program Files\Ahnenblatt4\Ahnenblatt4.exe","%PROGRAMFILES%\Ahnenblatt4\Ahnenblatt4.exe","Sideloading"
"keyscramblerie.dll","C:\Program Files\KeyScrambler\keyscramblerie.dll","%PROGRAMFILES%\KeyScrambler\keyscramblerie.dll","KeyScrambler.exe","C:\Program Files\KeyScrambler\KeyScrambler.exe","%PROGRAMFILES%\KeyScrambler\KeyScrambler.exe","Sideloading"
"libwsutil.dll","C:\Program Files\Wireshark\libwsutil.dll","%PROGRAMFILES%\Wireshark\libwsutil.dll","Mergecap.exe","C:\Program Files\Wireshark\Mergecap.exe","%PROGRAMFILES%\Wireshark\Mergecap.exe","Sideloading"
"libglib-2.0-0.dll","C:\Program Files\Wireshark\libglib-2.0-0.dll","%PROGRAMFILES%\Wireshark\libglib-2.0-0.dll","Mergecap.exe","C:\Program Files\Wireshark\Mergecap.exe","%PROGRAMFILES%\Wireshark\Mergecap.exe","Sideloading"
"tosbtkbd.dll","C:\Program Files\Toshiba\Bluetooth Toshiba Stack\tosbtkbd.dll","%PROGRAMFILES%\Toshiba\Bluetooth Toshiba Stack\tosbtkbd.dll","TosBtKbd.exe","C:\Program Files\Toshiba\Bluetooth Toshiba Stack\TosBtKbd.exe","%PROGRAMFILES%\Toshiba\Bluetooth Toshiba Stack\TosBtKbd.exe","Sideloading"
"libvlccore.dll","C:\Program Files\VideoLAN\VLC\libvlccore.dll","%PROGRAMFILES%\VideoLAN\VLC\libvlccore.dll","vlc.exe","C:\Program Files\VideoLAN\VLC\vlc.exe","%PROGRAMFILES%\VideoLAN\VLC\vlc.exe","Sideloading"
"libvlc.dll","C:\Program Files\VideoLAN\VLC\libvlc.dll","%PROGRAMFILES%\VideoLAN\VLC\libvlc.dll","vlc.exe","C:\Program Files\VideoLAN\VLC\vlc.exe","%PROGRAMFILES%\VideoLAN\VLC\vlc.exe","Sideloading"
"glib-2.0.dll","C:\Program Files\VMware\VMware Tools\glib-2.0.dll","%PROGRAMFILES%\VMware\VMware Tools\glib-2.0.dll","VMwareXferlogs.exe","C:\Program Files\VMware\VMware Tools\VMwareXferlogs.exe","%PROGRAMFILES%\VMware\VMware Tools\VMwareXferlogs.exe","Sideloading"
"glib-2.0.dll","C:\Program Files\VMware\VMware Workstation\glib-2.0.dll","%PROGRAMFILES%\VMware\VMware Workstation\glib-2.0.dll","VMwareXferlogs.exe","C:\Program Files\VMware\VMware Tools\VMwareXferlogs.exe","%PROGRAMFILES%\VMware\VMware Tools\VMwareXferlogs.exe","Sideloading"
"glib-2.0.dll","C:\Program Files\VMware\VMware Player\glib-2.0.dll","%PROGRAMFILES%\VMware\VMware Player\glib-2.0.dll","VMwareXferlogs.exe","C:\Program Files\VMware\VMware Tools\VMwareXferlogs.exe","%PROGRAMFILES%\VMware\VMware Tools\VMwareXferlogs.exe","Sideloading"
"shfolder.dll","C:\Windows\System32\shfolder.dll","%SYSTEM32%\shfolder.dll","VMNat.exe","C:\Windows\System32\VMNat.exe","%SYSTEM32%\VMNat.exe","Sideloading"
"shfolder.dll","C:\Windows\SysWOW64\shfolder.dll","%SYSWOW64%\shfolder.dll","VMNat.exe","C:\Windows\System32\VMNat.exe","%SYSTEM32%\VMNat.exe","Sideloading"
"libcrypto-3-x64.dll","C:\Program Files\VMware\VMware Workstation\x64\libcrypto-3-x64.dll","%PROGRAMFILES%\VMware\VMware Workstation\x64\libcrypto-3-x64.dll","vmware-vmx.exe","C:\Program Files\VMware\VMware Workstation\x64\vmware-vmx.exe","%PROGRAMFILES%\VMware\VMware Workstation\x64\vmware-vmx.exe","Sideloading"
"libcrypto-3-x64.dll","C:\Program Files\VMware\VMware Workstation\libcrypto-3-x64.dll","%PROGRAMFILES%\VMware\VMware Workstation\libcrypto-3-x64.dll","vmware-vmx.exe","C:\Program Files\VMware\VMware Workstation\x64\vmware-vmx.exe","%PROGRAMFILES%\VMware\VMware Workstation\x64\vmware-vmx.exe","Sideloading"
"vmtools.dll","C:\Program Files\VMware\VMware Tools\vmtools.dll","%PROGRAMFILES%\VMware\VMware Tools\vmtools.dll","rvmSetup.exe","C:\Program Files\VMware\VMware Tools\rvmSetup.exe","%PROGRAMFILES%\VMware\VMware Tools\rvmSetup.exe","Sideloading"
"vmtools.dll","C:\Program Files\VMware\VMware Workstation\vmtools.dll","%PROGRAMFILES%\VMware\VMware Workstation\vmtools.dll","rvmSetup.exe","C:\Program Files\VMware\VMware Tools\rvmSetup.exe","%PROGRAMFILES%\VMware\VMware Tools\rvmSetup.exe","Sideloading"
"vmtools.dll","C:\Program Files\VMware\VMware Player\vmtools.dll","%PROGRAMFILES%\VMware\VMware Player\vmtools.dll","rvmSetup.exe","C:\Program Files\VMware\VMware Tools\rvmSetup.exe","%PROGRAMFILES%\VMware\VMware Tools\rvmSetup.exe","Sideloading"
"dtlcrashcatch.dll","C:\Program Files\dtlsoft\drivethelife\dtlcrashcatch.dll","%PROGRAMFILES%\dtlsoft\drivethelife\dtlcrashcatch.dll","dtlupdate.exe","C:\Program Files\dtlsoft\drivethelife\dtlupdate.exe","%PROGRAMFILES%\dtlsoft\drivethelife\dtlupdate.exe","Sideloading"
"tts.dll","C:\Program Files\Soundpad\tts.dll","%PROGRAMFILES%\Soundpad\tts.dll","Soundpad.exe","C:\Program Files\Soundpad\Soundpad.exe","%PROGRAMFILES%\Soundpad\Soundpad.exe","Sideloading"
"badata_x64.dll","C:\Program Files\True Burner\badata_x64.dll","%PROGRAMFILES%\True Burner\badata_x64.dll","TrueBurner.exe","C:\Program Files\True Burner\TrueBurner.exe","%PROGRAMFILES%\True Burner\TrueBurner.exe","Sideloading"
"mozglue.dll","C:\Program Files\SeaMonkey\mozglue.dll","%PROGRAMFILES%\SeaMonkey\mozglue.dll","seamonkey.exe","C:\Program Files\SeaMonkey\seamonkey.exe","%PROGRAMFILES%\SeaMonkey\seamonkey.exe","Sideloading"
"mozglue.dll","C:\Program Files\Mozilla Firefox\mozglue.dll","%PROGRAMFILES%\Mozilla Firefox\mozglue.dll","seamonkey.exe","C:\Program Files\SeaMonkey\seamonkey.exe","%PROGRAMFILES%\SeaMonkey\seamonkey.exe","Sideloading"
"mozglue.dll","C:\Program Files\Mozilla Thunderbird\mozglue.dll","%PROGRAMFILES%\Mozilla Thunderbird\mozglue.dll","seamonkey.exe","C:\Program Files\SeaMonkey\seamonkey.exe","%PROGRAMFILES%\SeaMonkey\seamonkey.exe","Sideloading"
"duilib_u.dll","C:\Program Files\AnyViewer\duilib_u.dll","%PROGRAMFILES%\AnyViewer\duilib_u.dll","SplashWin.exe","","","Sideloading"
"epnsm.dll","C:\Program Files\Epson Software\Document Capture Server\epnsm.dll","%PROGRAMFILES%\Epson Software\Document Capture Server\epnsm.dll","EEventManager.exe","C:\Program Files\Epson Software\Document Capture Server\EEventManager.exe","%PROGRAMFILES%\Epson Software\Document Capture Server\EEventManager.exe","Sideloading"
"epnsm.dll","C:\Program Files\Epson Software\Event Manager\epnsm.dll","%PROGRAMFILES%\Epson Software\Event Manager\epnsm.dll","EEventManager.exe","C:\Program Files\Epson Software\Document Capture Server\EEventManager.exe","%PROGRAMFILES%\Epson Software\Document Capture Server\EEventManager.exe","Sideloading"
"ccleanerreactivator.dll","C:\Program Files\CCleaner\ccleanerreactivator.dll","%PROGRAMFILES%\CCleaner\ccleanerreactivator.dll","CCleanerReactivator.exe","C:\Program Files\CCleaner\CCleanerReactivator.exe","%PROGRAMFILES%\CCleaner\CCleanerReactivator.exe","Sideloading"
"zlibwapi.dll","C:\Program Files\DS Clock\zlibwapi.dll","%PROGRAMFILES%\DS Clock\zlibwapi.dll","dsclock.exe","C:\Program Files\DS Clock\dsclock.exe","%PROGRAMFILES%\DS Clock\dsclock.exe","Sideloading"
"libsqlite3-0.dll","C:\Program Files\libsqlite3-0.dll","%PROGRAMFILES%\libsqlite3-0.dll","filezilla.exe","C:\Program Files\FileZilla FTP Client\filezilla.exe","%PROGRAMFILES%\FileZilla FTP Client\filezilla.exe","Sideloading"
"libcurl.dll","C:\Program Files\Notepad++\updater\libcurl.dll","%PROGRAMFILES%\Notepad++\updater\libcurl.dll","GUP.exe","C:\Program Files\Notepad++\updater\GUP.exe","%PROGRAMFILES%\Notepad++\updater\GUP.exe","Sideloading"
"libcurl.dll","C:\Program Files\Notepad++\updater\libcurl.dll","%PROGRAMFILES%\Notepad++\updater\libcurl.dll","Coolmuster PDF Creator Pro.exe","C:\Program Files\Coolmuster\Coolmuster PDF Creator Pro\%VERSION%\Bin\Coolmuster PDF Creator Pro.exe","%PROGRAMFILES%\Coolmuster\Coolmuster PDF Creator Pro\%VERSION%\Bin\Coolmuster PDF Creator Pro.exe","Sideloading"
"libcurl.dll","C:\Program Files\WindowsApps\MSTeams_%VERSION%\libcurl.dll","%PROGRAMFILES%\WindowsApps\MSTeams_%VERSION%\libcurl.dll","GUP.exe","C:\Program Files\Notepad++\updater\GUP.exe","%PROGRAMFILES%\Notepad++\updater\GUP.exe","Sideloading"
"libcurl.dll","C:\Program Files\WindowsApps\MSTeams_%VERSION%\libcurl.dll","%PROGRAMFILES%\WindowsApps\MSTeams_%VERSION%\libcurl.dll","Coolmuster PDF Creator Pro.exe","C:\Program Files\Coolmuster\Coolmuster PDF Creator Pro\%VERSION%\Bin\Coolmuster PDF Creator Pro.exe","%PROGRAMFILES%\Coolmuster\Coolmuster PDF Creator Pro\%VERSION%\Bin\Coolmuster PDF Creator Pro.exe","Sideloading"
"libcurl.dll","C:\Program Files\Coolmuster\Coolmuster PDF Creator Pro\%VERSION%\Bin\libcurl.dll","%PROGRAMFILES%\Coolmuster\Coolmuster PDF Creator Pro\%VERSION%\Bin\libcurl.dll","GUP.exe","C:\Program Files\Notepad++\updater\GUP.exe","%PROGRAMFILES%\Notepad++\updater\GUP.exe","Sideloading"
"libcurl.dll","C:\Program Files\Coolmuster\Coolmuster PDF Creator Pro\%VERSION%\Bin\libcurl.dll","%PROGRAMFILES%\Coolmuster\Coolmuster PDF Creator Pro\%VERSION%\Bin\libcurl.dll","Coolmuster PDF Creator Pro.exe","C:\Program Files\Coolmuster\Coolmuster PDF Creator Pro\%VERSION%\Bin\Coolmuster PDF Creator Pro.exe","%PROGRAMFILES%\Coolmuster\Coolmuster PDF Creator Pro\%VERSION%\Bin\Coolmuster PDF Creator Pro.exe","Sideloading"
"skinutils.dll","C:\Program Files\ICQLite\skinutils.dll","%PROGRAMFILES%\ICQLite\skinutils.dll","ICQLite.exe","C:\Program Files\ICQLite\ICQLite.exe","%PROGRAMFILES%\ICQLite\ICQLite.exe","Sideloading"
"liteskinutils.dll","C:\Program Files\ICQLite\liteskinutils.dll","%PROGRAMFILES%\ICQLite\liteskinutils.dll","ICQLite.exe","C:\Program Files\ICQLite\ICQLite.exe","%PROGRAMFILES%\ICQLite\ICQLite.exe","Sideloading"
"commfunc.dll","C:\Program Files\Lenovo\Communications Utility\commfunc.dll","%PROGRAMFILES%\Lenovo\Communications Utility\commfunc.dll","cammute.exe","","","Sideloading"
"bugsplat64.dll","C:\Program Files\Nitro\PDF Pro\\bugsplat64.dll","%PROGRAMFILES%\Nitro\PDF Pro\\bugsplat64.dll","BugSplatHD64.exe","","","Sideloading"
"bugsplat64.dll","C:\Program Files\Nitro\Pro\bugsplat64.dll","%PROGRAMFILES%\Nitro\Pro\bugsplat64.dll","BugSplatHD64.exe","","","Sideloading"
"fnp_act_installer.dll","C:\Program Files\InstallShield\%VERSION%\System\fnp_act_installer.dll","%PROGRAMFILES%\InstallShield\%VERSION%\System\fnp_act_installer.dll","TSConfig.exe","C:\Program Files\InstallShield\%VERSION%\System\TSConfig.exe","%PROGRAMFILES%\InstallShield\%VERSION%\System\TSConfig.exe","Sideloading"
"fnp_act_installer.dll","C:\Program Files\InstallShield\%VERSION%\System\fnp_act_installer.dll","%PROGRAMFILES%\InstallShield\%VERSION%\System\fnp_act_installer.dll","ISDbg.exe","C:\Program Files\InstallShield\%VERSION%\System\ISDbg.exe","%PROGRAMFILES%\InstallShield\%VERSION%\System\ISDbg.exe","Sideloading"
"opera_elf.dll","C:\Users\<User>\AppData\Local\Programs\Opera\%VERSION%\opera_elf.dll","%LOCALAPPDATA%\Programs\Opera\%VERSION%\opera_elf.dll","opera.exe","C:\Users\<User>\AppData\Local\programs\opera\%VERSION%\opera.exe","%LOCALAPPDATA%\programs\opera\%VERSION%\opera.exe","Sideloading"
"opera_elf.dll","C:\Users\<User>\AppData\Local\Programs\Opera GX\%VERSION%\opera_elf.dll","%LOCALAPPDATA%\Programs\Opera GX\%VERSION%\opera_elf.dll","opera.exe","C:\Users\<User>\AppData\Local\programs\opera\%VERSION%\opera.exe","%LOCALAPPDATA%\programs\opera\%VERSION%\opera.exe","Sideloading"
"opera_elf.dll","C:\Program Files\Opera\%VERSION%\opera_elf.dll","%PROGRAMFILES%\Opera\%VERSION%\opera_elf.dll","opera.exe","C:\Users\<User>\AppData\Local\programs\opera\%VERSION%\opera.exe","%LOCALAPPDATA%\programs\opera\%VERSION%\opera.exe","Sideloading"
"avkkid.dll","C:\Program Files\G DATA\TotalSecurity\avkkid\avkkid.dll","%PROGRAMFILES%\G DATA\TotalSecurity\avkkid\avkkid.dll","avkkid.exe","C:\Program Files\G DATA\TotalSecurity\avkkid\avkkid.exe","%PROGRAMFILES%\G DATA\TotalSecurity\avkkid\avkkid.exe","Sideloading"
"facesdk.dll","C:\Program Files\luxand\facesdk\bin\win64\facesdk.dll","%PROGRAMFILES%\luxand\facesdk\bin\win64\facesdk.dll","FacialFeatureDemo.exe","C:\Program Files\luxand\facesdk\bin\win64\FacialFeatureDemo.exe","%PROGRAMFILES%\luxand\facesdk\bin\win64\FacialFeatureDemo.exe","Sideloading"
"qrt.dll","C:\Program Files\F-Secure\Anti-Virus\qrt.dll","%PROGRAMFILES%\F-Secure\Anti-Virus\qrt.dll","qrtfix.exe","","","Sideloading"
"teamspeak_control.dll","C:\Program Files\Common Files\Overwolf\Teamspeak\teamspeak_control.dll","%PROGRAMFILES%\Common Files\Overwolf\Teamspeak\teamspeak_control.dll","OverwolfTSHelper.exe","","","Sideloading"
"lockdown.dll","C:\Program Files\McAfee\VirusScan Enterprise\lockdown.dll","%PROGRAMFILES%\McAfee\VirusScan Enterprise\lockdown.dll","mfeann.exe","","","Sideloading"
"ashldres.dll","C:\Program Files\McAfee.com\VSO\ashldres.dll","%PROGRAMFILES%\McAfee.com\VSO\ashldres.dll","mcvsshld.exe","","","Sideloading"
"mcutil.dll","C:\Program Files\McAfee Inc.\McAfee Total Protection 2009\mcutil.dll","%PROGRAMFILES%\McAfee Inc.\McAfee Total Protection 2009\mcutil.dll","mcoemcpy.exe","","","Sideloading"
"siteadv.dll","C:\Program Files\SiteAdvisor\%VERSION%\siteadv.dll","%PROGRAMFILES%\SiteAdvisor\%VERSION%\siteadv.dll","sideadv.exe","","","Sideloading"
"vsodscpl.dll","C:\Program Files\McAfee\VirusScan Enterprise\vsodscpl.dll","%PROGRAMFILES%\McAfee\VirusScan Enterprise\vsodscpl.dll","scncfg32.exe","","","Sideloading"
"flutter_gpu_texture_renderer_plugin.dll","C:\Users\<User>\AppData\Local\rustdesk\flutter_gpu_texture_renderer_plugin.dll","%LOCALAPPDATA%\rustdesk\flutter_gpu_texture_renderer_plugin.dll","rustdesk.exe","C:\Users\<User>\AppData\Local\rustdesk\rustdesk.exe","%LOCALAPPDATA%\rustdesk\rustdesk.exe","Sideloading"
"flutter_gpu_texture_renderer_plugin.dll","C:\Program Files\RustDesk\flutter_gpu_texture_renderer_plugin.dll","%PROGRAMFILES%\RustDesk\flutter_gpu_texture_renderer_plugin.dll","rustdesk.exe","C:\Users\<User>\AppData\Local\rustdesk\rustdesk.exe","%LOCALAPPDATA%\rustdesk\rustdesk.exe","Sideloading"
"hpbprndiloc.dll","C:\Program Files\Hewlett-Packard\%VERSION%\hpbprndiloc.dll","%PROGRAMFILES%\Hewlett-Packard\%VERSION%\hpbprndiloc.dll","hpbprndi.exe","","","Sideloading"
"hpqhvsei.dll","C:\Program Files\HP\hpqhvsei.dll","%PROGRAMFILES%\HP\hpqhvsei.dll","hpqhvind.exe","","","Sideloading"
"hpcustpartui.dll","C:\Program Files\HP\hpcustpartui.dll","%PROGRAMFILES%\HP\hpcustpartui.dll","HPCustParticUI.exe","","","Sideloading"
"common.dll","C:\Program Files\iroot\common.dll","%PROGRAMFILES%\iroot\common.dll","romasterconnection.exe","C:\Program Files\iroot\romasterconnection.exe","%PROGRAMFILES%\iroot\romasterconnection.exe","Sideloading"
"chrome_frame_helper.dll","C:\Users\<User>\AppData\Local\Google\Chrome\Application\chrome_frame_helper.dll","%LOCALAPPDATA%\Google\Chrome\Application\chrome_frame_helper.dll","chrome_frame_helper.exe","","","Sideloading"
"chrome_frame_helper.dll","C:\Program Files\Google\Chrome\Application\chrome_frame_helper.dll","%PROGRAMFILES%\Google\Chrome\Application\chrome_frame_helper.dll","chrome_frame_helper.exe","","","Sideloading"
"smadhook32c.dll","C:\Program Files\Smadav\smadhook32c.dll","%PROGRAMFILES%\Smadav\smadhook32c.dll","SmadHook.exe","C:\Program Files\Smadav\SmadHook.exe","%PROGRAMFILES%\Smadav\SmadHook.exe","Sideloading"
"wxmsw313u_aui_vc_custom.dll","C:\Program Files\Audacity\wxmsw313u_aui_vc_custom.dll","%PROGRAMFILES%\Audacity\wxmsw313u_aui_vc_custom.dll","audacity.exe","C:\Program Files\Audacity\audacity.exe","%PROGRAMFILES%\Audacity\audacity.exe","Sideloading"
"avutil.dll","C:\Program Files\VSO\ConvertX\7\avutil.dll","%PROGRAMFILES%\VSO\ConvertX\7\avutil.dll","ConvertXToDVD.exe","C:\Program Files\VSO\ConvertX\7\ConvertXToDVD.exe","%PROGRAMFILES%\VSO\ConvertX\7\ConvertXToDVD.exe","Sideloading"
"avutil.dll","C:\Program Files\VSO\convertXtoDVD\avutil.dll","%PROGRAMFILES%\VSO\convertXtoDVD\avutil.dll","ConvertXToDVD.exe","C:\Program Files\VSO\ConvertX\7\ConvertXToDVD.exe","%PROGRAMFILES%\VSO\ConvertX\7\ConvertXToDVD.exe","Sideloading"
"avutil.dll","C:\Program Files\Common Files\Oracle\Java\javapath\avutil.dll","%PROGRAMFILES%\Common Files\Oracle\Java\javapath\avutil.dll","ConvertXToDVD.exe","C:\Program Files\VSO\ConvertX\7\ConvertXToDVD.exe","%PROGRAMFILES%\VSO\ConvertX\7\ConvertXToDVD.exe","Sideloading"
"rtl120.dll","C:\Program Files\DualSafe Password Manager\rtl120.dll","%PROGRAMFILES%\DualSafe Password Manager\rtl120.dll","DPMInit.exe","C:\Program Files\DualSafe Password Manager\DPMInit.exe","%PROGRAMFILES%\DualSafe Password Manager\DPMInit.exe","Sideloading"
"webui.dll","C:\Program Files\iTop Screen Recorder\webui.dll","%PROGRAMFILES%\iTop Screen Recorder\webui.dll","iScrPaint.exe","C:\Program Files\iTop Screen Recorder\iScrPaint.exe","%PROGRAMFILES%\iTop Screen Recorder\iScrPaint.exe","Sideloading"
"avdevice-54.dll","C:\Program Files\AnyMP4 Studio\AnyMP4 Blu-ray Creator\avdevice-54.dll","%PROGRAMFILES%\AnyMP4 Studio\AnyMP4 Blu-ray Creator\avdevice-54.dll","AnyMP4 Blu-ray Creator.exe","C:\Program Files\AnyMP4 Studio\AnyMP4 Blu-ray Creator\AnyMP4 Blu-ray Creator.exe","%PROGRAMFILES%\AnyMP4 Studio\AnyMP4 Blu-ray Creator\AnyMP4 Blu-ray Creator.exe","Sideloading"
"nvsmartmax.dll","C:\Program Files\NVIDIA Corporation\Display\nvsmartmax.dll","%PROGRAMFILES%\NVIDIA Corporation\Display\nvsmartmax.dll","nvSmartEx.exe","C:\Program Files\NVIDIA Corporation\Display\nvSmartEx.exe","%PROGRAMFILES%\NVIDIA Corporation\Display\nvSmartEx.exe","Sideloading"
"sqlite.dll","C:\Program Files\NetWorx\sqlite.dll","%PROGRAMFILES%\NetWorx\sqlite.dll","networx.exe","C:\Program Files\NetWorx\networx.exe","%PROGRAMFILES%\NetWorx\networx.exe","Sideloading"
"register.dll","C:\Program Files\IObit\Driver Booster\%VERSION%\register.dll","%PROGRAMFILES%\IObit\Driver Booster\%VERSION%\register.dll","DriverBooster.exe","C:\Program Files\IObit\Driver Booster\%VERSION%\DriverBooster.exe","%PROGRAMFILES%\IObit\Driver Booster\%VERSION%\DriverBooster.exe","Sideloading"
"safestore32.dll","C:\Program Files\Sophos\Sophos Anti-Virus\safestore32.dll","%PROGRAMFILES%\Sophos\Sophos Anti-Virus\safestore32.dll","ssr32.exe","C:\Program Files\Sophos\Sophos Anti-Virus\ssr32.exe","%PROGRAMFILES%\Sophos\Sophos Anti-Virus\ssr32.exe","Sideloading"
"mediainfo_i386.dll","C:\Program Files\MediaInfo\mediainfo_i386.dll","%PROGRAMFILES%\MediaInfo\mediainfo_i386.dll","MediaInfo.exe","C:\Program Files\MediaInfo\MediaInfo.exe","%PROGRAMFILES%\MediaInfo\MediaInfo.exe","Sideloading"
"lmiguardiandll.dll","C:\Program Files\LogMeIn\lmiguardiandll.dll","%PROGRAMFILES%\LogMeIn\lmiguardiandll.dll","LMIGuardianSvc.exe","","","Sideloading"
"lmiguardiandll.dll","C:\Program Files\LogMeIn\x86\lmiguardiandll.dll","%PROGRAMFILES%\LogMeIn\x86\lmiguardiandll.dll","LMIGuardianSvc.exe","","","Sideloading"
"lmiguardiandll.dll","C:\Program Files\LogMeIn\x64\lmiguardiandll.dll","%PROGRAMFILES%\LogMeIn\x64\lmiguardiandll.dll","LMIGuardianSvc.exe","","","Sideloading"
"tpsvc.dll","C:\Program Files\VMWare\VMWare Tools\tpsvc.dll","%PROGRAMFILES%\VMWare\VMWare Tools\tpsvc.dll","TPAutoConnect.exe","","","Sideloading"
"tpsvc.dll","C:\Program Files\Common Files\ThinPrint\tpsvc.dll","%PROGRAMFILES%\Common Files\ThinPrint\tpsvc.dll","TPAutoConnect.exe","","","Sideloading"
"tmdbg64.dll","C:\Users\<User>\AppData\Local\Temp\ClnExtor\PCCNT\tmdbg64.dll","%LOCALAPPDATA%\Temp\ClnExtor\PCCNT\tmdbg64.dll","TmPfw.exe","C:\Program Files\Trend Micro\Security Agent\TmPfw.exe","%PROGRAMFILES%\Trend Micro\Security Agent\TmPfw.exe","Sideloading"
"tmdbg64.dll","C:\Program Files\Trend Micro\Security Agent\tmdbg64.dll","%PROGRAMFILES%\Trend Micro\Security Agent\tmdbg64.dll","TmPfw.exe","C:\Program Files\Trend Micro\Security Agent\TmPfw.exe","%PROGRAMFILES%\Trend Micro\Security Agent\TmPfw.exe","Sideloading"
"tmdbglog.dll","C:\Program Files\Trend Micro\Titanium\tmdbglog.dll","%PROGRAMFILES%\Trend Micro\Titanium\tmdbglog.dll","PtWatchDog.exe","","","Sideloading"
"libeay32.dll","C:\Program Files\PSPad editor\libeay32.dll","%PROGRAMFILES%\PSPad editor\libeay32.dll","PSPad.exe","C:\Program Files\PSPad editor\PSPad.exe","%PROGRAMFILES%\PSPad editor\PSPad.exe","Sideloading"
"amindpdfcore.dll","C:\Program Files\GeekerPDF\GeekerPDF\amindpdfcore.dll","%PROGRAMFILES%\GeekerPDF\GeekerPDF\amindpdfcore.dll","GeekerPDF.exe","C:\Program Files\GeekerPDF\GeekerPDF\GeekerPDF.exe","%PROGRAMFILES%\GeekerPDF\GeekerPDF\GeekerPDF.exe","Sideloading"
"vender.dll","C:\Program Files\ASUS\GPU TweakII\vender.dll","%PROGRAMFILES%\ASUS\GPU TweakII\vender.dll","ASUSGPUFanService.exe","C:\Program Files\ASUS\GPU TweakII\ASUSGPUFanService.exe","%PROGRAMFILES%\ASUS\GPU TweakII\ASUSGPUFanService.exe","Sideloading"
"vender.dll","C:\Program Files\ASUS\VGA COM\%VERSION%\vender.dll","%PROGRAMFILES%\ASUS\VGA COM\%VERSION%\vender.dll","ASUSGPUFanService.exe","C:\Program Files\ASUS\GPU TweakII\ASUSGPUFanService.exe","%PROGRAMFILES%\ASUS\GPU TweakII\ASUSGPUFanService.exe","Sideloading"
"asio.dll","C:\Program Files\ASUS\AXSP\%VERSION%\asio.dll","%PROGRAMFILES%\ASUS\AXSP\%VERSION%\asio.dll","atkexComSvc.exe","C:\Program Files\ASUS\AXSP\4.02.12\atkexComSvc.exe","%PROGRAMFILES%\ASUS\AXSP\4.02.12\atkexComSvc.exe","Sideloading"
"asus_wmi.dll","C:\Program Files\ASUS\AXSP\%VERSION%\asus_wmi.dll","%PROGRAMFILES%\ASUS\AXSP\%VERSION%\asus_wmi.dll","atkexComSvc.exe","C:\Program Files\ASUS\AXSP\%VERSION%\atkexComSvc.exe","%PROGRAMFILES%\ASUS\AXSP\%VERSION%\atkexComSvc.exe","Sideloading"
"iepdf32.dll","C:\Program Files\Handy Viewer\iepdf32.dll","%PROGRAMFILES%\Handy Viewer\iepdf32.dll","hv.exe","C:\Program Files\Handy Viewer\hv.exe","%PROGRAMFILES%\Handy Viewer\hv.exe","Sideloading"
